NAME,CATEGORY,PHOTOURL,RATING
MOONDROP CHU In-ear Headphone,IEM,https://shenzhenaudio.com/cdn/shop/products/2166ffcb2b7f8c1e22f76da1ed266ebf_ce198fe5-e34f-4c64-8826-9d93f0b60903.jpg?v=1650118031&width=533,4.7
MOONDROP x Crinacle Blessing2:Dusk 1DD+4BA In-ear Headphone,IEM,https://shenzhenaudio.com/cdn/shop/products/e4456a033fba610b71c086095d93792d_9dca726e-2418-48c4-88a0-2a6e3faeb015.jpg?v=1685765429&width=533,4.9
TRUTHEAR x Crinacle ZERO: RED Dual Dynamic Drivers In-Ear Headphone,IEM,https://shenzhenaudio.com/cdn/shop/files/604a5883e7b16781dd21978cc8754605.jpg?v=1685766575&width=533,4.8
TRUTHEAR x Crinacle ZERO Dual Dynamic Drivers In-Ear Headphone,IEM,https://shenzhenaudio.com/cdn/shop/products/fce748f572934a5e659fe7e80bfaa730.jpg?v=1667287714&width=533,4.7
TRUTHEAR HEXA 1DD 3BA  In-Ear Headphone,IEM,https://shenzhenaudio.com/cdn/shop/products/0806b453a26a44f0be4647d6c7ee7351_41d02bac-79b6-4cb2-8d89-3c9dc4972fb8.jpg?v=1668071982&width=533,4.8
MOONDROP ARIA In-ear Headphone,IEM,https://shenzhenaudio.com/cdn/shop/products/b508d5be13fcc6e3c8b89b5ff911fac3.jpg?v=1685765691&width=533,4.6
MOONDROP Space Travel True Wireless Headphone (TWS),TWS,https://shenzhenaudio.com/cdn/shop/files/1_c26451e6-dabe-475f-acf5-5af92f4f42dc.png?v=1697003877&width=533,4.8
MOONDROP CHU 2 10mm Dynamic Driver In-ear Headphone,IEM,https://shenzhenaudio.com/cdn/shop/files/5_98ac8202-6ab2-4874-94c9-e9bcabf170f8.png?v=1688632259&width=533,4.8
MOONDROP BLESSING 2 1DD+4BA In-Ear Headphone,IEM,https://shenzhenaudio.com/cdn/shop/products/moondrop-blessing-2-1dd4ba-hybrid-technology-in-ear-monitor-earphone-413209.jpg?v=1605619371&width=533,4.9
TRUTHEAR HOLA 11mm Dynamic Driver In-ear Headphone,IEM,https://shenzhenaudio.com/cdn/shop/products/446fed6ac1def180a4beb7536013205e_79c13db4-b67d-4478-b8aa-fae95af2998c.jpg?v=1678776936&width=533,4.8
MOONDROP KATO Flagship In-ear Headphone,IEM,https://shenzhenaudio.com/cdn/shop/products/1a530c83d8cf9b569b49811c01141749.jpg?v=1631158186&width=533,4.7
MOONDROP QUARKS In-ear Headphone,IEM,https://shenzhenaudio.com/cdn/shop/products/6f65847ae8a522b4010b9a5ebcede7cb.jpg?v=1627894806&width=533,4.6
MOONDROP STARFIELD In-ear Headphone,IEM,https://shenzhenaudio.com/cdn/shop/products/moondrop-starfield-carbon-nanotube-diaphragm-dynamic-earphone-590197.jpg?v=1605619429&width=533,4.8
MOONDROP ARIA Snow Edition In-ear Headphone,IEM,https://shenzhenaudio.com/cdn/shop/products/9381fcb9ef34b364e90f871c3455cc0e.png?v=1658115995&width=533,4.7
MOONDROP SPARKS TWS True Wireless Headphone (TWS),TWS,https://shenzhenaudio.com/cdn/shop/products/c6cbd3ce1085f81adfca8625746b0d42.jpg?v=1685765904&width=533,4.9
TRUTHEAR NOVA 1DD+4BA In-Ear Headphone,IEM,https://shenzhenaudio.com/cdn/shop/files/3-1_38b7de7d-5847-48b2-924d-244f8545b041.jpg?v=1697097770&width=533,4.8
MOONDROP NEKOCAKE True Wireless Headphone (TWS),TWS,https://shenzhenaudio.com/cdn/shop/products/dac68e28d03d8926e1df06779cd93746_7a72cce8-ce02-4b4e-b24f-849e931d57f0.jpg?v=1635838366&width=533,4.2
MOONDROP VARIATIONS 1DD+2BA+2EST In-ear Headphone,IEM,https://shenzhenaudio.com/cdn/shop/products/e95d4bae919584f1e9a1496c87a49b05.jpg?v=1623981657&width=533,4.9
MOONDROP SSR In-ear Headphone,IEM,https://shenzhenaudio.com/cdn/shop/products/moondrop-ssr-super-spaceship-reference-beryiiium-coated-dome-diagphragm-dynamic-driver-in-ear-earphone-284399.jpg?v=1605619414&width=533,4.8
MOONDROP BLESSING 3 2DD 4BA In-Ear Headphone,IEM,https://shenzhenaudio.com/cdn/shop/products/8bfa23dd10ebe5f6fc3747b267247040_762c9170-3ff1-4a27-8d54-15e7bf0db997.jpg?v=1681116907&width=533,4.7
MOONDROP QUARKS DSP Type-C In-ear Headphone,IEM,https://shenzhenaudio.com/cdn/shop/products/37b0abf66d20127dacfe47207d3ef0f4.png?v=1668074344&width=533,4.5
MOONDROP NEKOCAKE True Wireless Headphone (TWS),TWS,https://shenzhenaudio.com/cdn/shop/products/2ee5e66838f8fb58a30aae4dd682a711.png?v=1653998709&width=533,4.6
MOONDROP ARIA Special Edition Limited In-ear Headphone,IEM,https://shenzhenaudio.com/cdn/shop/products/aca047cd9c15b92e69378d52664994f3_6df39a1b-303b-4915-a6fa-a301007f9f2a.jpg?v=1646121623&width=533,4.7
MOONDROP SSP In-ear Headphone,IEM,https://shenzhenaudio.com/cdn/shop/products/moondrop-ssp-super-spaceship-pulse-beryllium-plated-dome-diaphragm-dynamic-driver-in-ear-earphone-957454.jpg?v=1605619421&width=533,4.9
